Date,Australia,Nethelands,Germany,Canada,Hong_Kong,France ,Belgium,US,Japan ,Spain,Sweden ,UK,Italy,Singapore
1/1/2000,3080.20,612.38,6835.60,8481.11,15532339844.00,5659810059.00,2806290039.00,1394459961.00,19539.70,10835.10,1220.23,6268.50,112.52,3958.79
2/1/2000,3124.60,664.28,7644.55,9128.99,17169439453.00,6190959961.00,2746080078.00,1366420044.00,19959.52,12585.80,1433.08,6232.56,109.75,3844.90
3/1/2000,3133.30,662.29,7599.39,9462.39,17406539063.00,6286049805.00,2777840088.00,1498579956.00,20337.32,11935.00,1383.66,6540.22,108.78,3907.83
4/1/2000,3115.80,661.38,7414.68,9347.61,15519299805.00,6419720215.00,2813280029.00,1452430054.00,17973.70,11467.90,1429.61,6327.43,103.99,3709.37
5/1/2000,3081.00,655.50,7109.67,9251.99,14713860352.00,6426259766.00,2849429932.00,1420599976.00,16332.45,10688.50,1377.15,6359.35,101.37,3666.83
6/1/2000,3311.20,672.14,6898.21,10195.45,16155780273.00,6446540039.00,2953280029.00,1454599976.00,17411.05,10581.30,1315.10,6312.71,102.74,3941.87
7/1/2000,3251.10,668.18,7190.37,10406.31,16840980469.00,6542490234.00,3068610107.00,1430829956.00,15727.49,10531.60,1320.12,6365.26,104.61,3999.34
8/1/2000,3297.80,689.52,7216.45,11247.91,17097509766.00,6625419922.00,3132520020.00,1517680054.00,16861.26,10884.70,1336.87,6672.66,95.61,3626.32
9/1/2000,3298.80,661.52,6798.12,10377.92,15648980469.00,6266629883.00,3056010010.00,1436510010.00,15747.26,10950.00,1218.17,6294.20,106.11,4046.91
10/1/2000,3254.60,680.56,7077.44,9639.57,14895339844.00,6397660156.00,3110110107.00,1429400024.00,14539.60,10363.10,1179.31,6438.40,104.19,3818.45
11/1/2000,3274.60,649.92,6372.33,8819.92,13984389648.00,5928080078.00,2988580078.00,1314949951.00,14648.51,9214.50,1095.43,6142.20,102.35,3794.06
12/1/2000,3206.20,637.60,6433.61,8933.68,15095530273.00,5926419922.00,3024489990.00,1320280029.00,13785.69,9109.80,1056.11,6222.50,98.47,3802.55
1/1/2001,3341.70,639.98,6795.14,9321.87,16102349609.00,5998490234.00,2968610107.00,1366010010.00,13843.55,10116.00,1112.58,6297.53,91.38,3598.65
2/1/2001,3326.50,597.33,6208.24,8078.72,14787870117.00,5367479980.00,2999600098.00,1239939941.00,12883.54,9551.40,975.65,5917.88,94.80,3641.25
3/1/2001,3147.20,558.36,5829.95,7608.00,12760639648.00,5180450195.00,2838409912.00,1160329956.00,12999.70,9308.30,831.77,5633.73,94.09,3539.11
4/1/2001,3329.40,593.09,6264.51,7946.63,13386040039.00,5640029785.00,2842129883.00,1249459961.00,13934.32,9761.00,934.49,5966.95,104.39,3873.85
5/1/2001,3379.10,585.15,6123.26,8161.87,13174410156.00,5454189941.00,2786159912.00,1255819946.00,13262.14,9500.70,926.68,5796.15,101.90,3798.38
6/1/2001,3490.30,573.50,6058.38,7736.35,13042530273.00,5225330078.00,2885030029.00,1224380005.00,12969.05,8878.40,879.73,5642.50,112.63,3904.86
7/1/2001,3324.50,548.72,5861.19,7689.69,12316690430.00,5085509766.00,2928979980.00,1211229980.00,11860.77,8480.00,868.86,5529.05,109.25,3861.54
8/1/2001,3275.60,523.63,5188.17,7399.22,11090480469.00,4689339844.00,2893110107.00,1133579956.00,10713.51,8321.10,793.64,5344.97,109.85,4172.21
9/1/2001,3049.50,453.87,4308.15,6838.56,9950700195.00,4079020020.00,2642550049.00,1040939941.00,9774.68,7314.00,703.22,4903.39,126.14,4493.56
10/1/2001,3249.60,460.33,4559.13,6885.70,10073969727.00,4341290039.00,2605300049.00,1059780029.00,10366.34,7774.30,741.92,5039.71,119.73,4257.68
11/1/2001,3337.40,492.67,4989.91,7425.65,11279250000.00,4476060059.00,2633820068.00,1139449951.00,10697.44,8364.70,835.06,5203.55,119.56,4321.39
12/1/2001,3422.30,506.78,5160.10,7688.41,11397209961.00,4624580078.00,2782010010.00,1148079956.00,10542.62,8397.60,846.49,5217.35,126.88,4410.46
1/1/2002,3464.20,500.92,5107.61,7648.49,10725299805.00,4461870117.00,2764209961.00,1130199951.00,9997.80,8050.40,782.02,5164.78,113.84,4149.05
2/1/2002,3414.30,494.91,5039.08,7637.50,10482549805.00,4462990234.00,2748689941.00,1106729980.00,10587.83,8135.50,783.64,5100.96,115.50,4126.33
3/1/2002,3414.80,531.21,5397.29,7851.47,11032919922.00,4688020020.00,2769189941.00,1147390015.00,11024.94,8249.70,798.61,5271.76,114.80,3978.15
4/1/2002,3350.00,511.28,5041.20,7663.39,11497580078.00,4462740234.00,2811120117.00,1076920044.00,11492.54,8154.40,714.34,5165.58,116.63,3789.63
5/1/2002,3373.60,484.55,4818.30,7656.13,11301940430.00,4274640137.00,2727419922.00,1067140015.00,11763.70,7949.90,659.89,5085.07,112.56,3842.80
6/1/2002,3216.00,439.66,4382.56,7145.61,10598549805.00,3897989990.00,2535739990.00,989820007.00,10621.84,6913.00,607.90,4656.36,110.66,3918.45
7/1/2002,3086.20,363.59,3700.14,6605.42,10267360352.00,3415379883.00,2255800049.00,911619995.00,9877.94,6249.30,541.32,4246.21,103.00,3729.07
8/1/2002,3120.10,371.59,3712.94,6611.95,10043870117.00,3366209961.00,2246310059.00,916070007.00,9619.30,6435.70,525.83,4227.28,101.84,3686.66
9/1/2002,2970.90,296.36,2769.03,6180.42,9072209961.00,2777449951.00,1869089966.00,815280029.00,9383.29,5431.70,445.65,3721.75,97.86,3583.73
10/1/2002,3042.90,342.84,3152.85,6248.79,9441250000.00,3150040039.00,1972229980.00,885760010.00,8640.48,6139.40,511.32,4039.66,95.83,3588.77
11/1/2002,3061.40,361.99,3320.32,6570.42,10069870117.00,3326649902.00,2074389893.00,936309998.00,9215.56,6685.60,575.24,4169.41,87.55,3510.88
12/1/2002,3007.10,322.73,2892.63,6614.54,9321290039.00,3063909912.00,2025040039.00,879820007.00,8578.95,6036.90,493.20,3940.36,87.83,3431.94
1/1/2003,2956.90,294.94,2747.83,6569.49,9258950195.00,2937879883.00,1882530029.00,855700012.00,8339.94,5947.70,477.80,3567.41,89.59,3170.32
2/1/2003,2800.90,266.21,2547.05,6555.12,9122660156.00,2754070068.00,1671959961.00,841150024.00,8363.04,5999.40,469.97,3655.58,79.14,3236.57
3/1/2003,2885.20,248.54,2423.87,6343.29,8634450195.00,2618459961.00,1635219971.00,848179993.00,7972.71,5870.50,457.78,3613.28,82.61,3169.58
4/1/2003,3007.50,282.63,2942.04,6586.07,8717219727.00,2953669922.00,1871839966.00,916919983.00,7831.42,6489.50,521.92,3925.97,81.66,3306.41
5/1/2003,3011.00,280.57,2982.68,6859.80,9487379883.00,2991750000.00,1925640015.00,963590027.00,8424.51,6508.50,514.46,4048.14,83.89,3254.44
6/1/2003,3026.90,291.55,3220.58,6983.14,9577120117.00,3084100098.00,1939770020.00,974500000.00,9083.11,6862.00,531.46,4031.17,83.54,3372.44
7/1/2003,3122.30,317.49,3487.86,7257.92,10134830078.00,3210270020.00,2023260010.00,990309998.00,9563.21,7061.70,571.01,4157.02,80.22,3369.72
8/1/2003,3199.70,329.41,3484.58,7510.32,10908990234.00,3311419922.00,2043839966.00,1008010010.00,10343.55,7111.30,586.43,4161.06,89.32,3228.76
9/1/2003,3169.50,306.78,3256.78,7421.13,11229870117.00,3134989990.00,2051830078.00,995969971.00,10219.05,6703.60,567.02,4091.31,94.45,3397.71
10/1/2003,3272.00,330.22,3655.99,7772.70,12190099609.00,3373199951.00,2160669922.00,1050709961.00,10559.59,7129.50,617.57,4287.59,92.04,3410.18
11/1/2003,3186.40,332.19,3745.95,7859.39,12317469727.00,3424790039.00,2168320068.00,1058199951.00,10100.57,7252.50,614.52,4342.60,85.03,3054.14
12/1/2003,3299.80,337.65,3965.16,8220.89,12575940430.00,3557899902.00,2244179932.00,1111920044.00,10676.64,7737.20,636.29,4476.87,89.62,2957.53
1/1/2004,3272.00,353.31,4058.60,8521.39,13289370117.00,3638439941.00,2383760010.00,1131130005.00,10783.61,7929.90,673.91,4390.68,103.48,3253.59
2/1/2004,3360.60,356.59,4018.16,8788.49,13907030273.00,3725439941.00,2483159912.00,1144939941.00,11041.92,8249.40,698.18,4492.21,107.12,3244.15
3/1/2004,3415.30,338.87,3856.70,8585.93,12681669922.00,3625229980.00,2380350098.00,1126209961.00,11715.39,8018.10,690.28,4385.67,110.94,3434.66
4/1/2004,3400.80,341.41,3985.21,8243.97,11942959961.00,3674280029.00,2439610107.00,1107300049.00,11761.79,8109.50,685.59,4489.69,106.04,3141.85
5/1/2004,3460.20,337.19,3921.41,8417.32,12198240234.00,3669629883.00,2415429932.00,1120680054.00,11236.37,7959.30,673.95,4430.69,109.46,3288.77
6/1/2004,3532.90,345.13,4052.73,8545.58,12285750000.00,3732989990.00,2470659912.00,1140839966.00,11858.87,8078.30,698.13,4464.07,115.71,3745.32
7/1/2004,3536.10,329.91,3895.61,8458.07,12238030273.00,3647100098.00,2465129883.00,1101719971.00,11325.78,7919.30,683.30,4413.08,111.12,3962.26
8/1/2004,3552.70,323.12,3785.21,8377.03,12850280273.00,3594280029.00,2558080078.00,1104239990.00,11081.79,7869.50,685.03,4459.32,114.52,4015.63
9/1/2004,3665.00,323.94,3892.90,8668.29,13120030273.00,3640610107.00,2693209961.00,1114579956.00,10823.57,8029.20,705.76,4570.77,114.99,4255.22
10/1/2004,3778.60,330.48,3960.25,8870.97,13054660156.00,3706820068.00,2785449951.00,1130199951.00,10771.42,8418.30,702.55,4624.21,110.38,4023.31
11/1/2004,3931.30,337.15,4126.00,9030.05,14060049805.00,3753750000.00,2850949951.00,1173819946.00,10899.25,8693.00,743.34,4703.18,111.88,4015.78
12/1/2004,4050.60,348.08,4256.08,9246.65,14230139648.00,3821159912.00,2932620117.00,1211920044.00,11488.76,9080.80,741.88,4814.30,103.55,4019.56
1/1/2005,4107.30,360.42,4254.85,9204.05,13721690430.00,3913689941.00,2997600098.00,1181270020.00,11387.59,9223.90,741.50,4852.31,103.39,4109.69
2/1/2005,4172.80,374.37,4350.49,9668.32,14195349609.00,4027159912.00,3106540039.00,1203599976.00,11740.60,9391.00,769.97,4968.50,112.34,4145.44
3/1/2005,4109.80,369.56,4348.77,9612.38,13516879883.00,4067780029.00,3125669922.00,1180589966.00,11668.95,9258.80,770.39,4894.37,112.02,4098.14
4/1/2005,3983.20,348.20,4184.84,9369.30,13908969727.00,3911709961.00,3039709961.00,1156849976.00,11008.90,9001.60,749.54,4801.68,118.95,4151.65
5/1/2005,4106.40,364.68,4460.63,9607.30,13867070313.00,4120729980.00,3051669922.00,1191500000.00,11276.59,9427.10,792.39,4963.97,120.98,4328.37
6/1/2005,4277.50,383.83,4586.28,9902.77,14201059570.00,4229350098.00,3112830078.00,1191329956.00,11584.01,9783.20,822.49,5113.16,123.24,4425.44
7/1/2005,4388.80,395.77,4886.50,10422.93,14880980469.00,4451740234.00,3228010010.00,1234180054.00,11899.60,10115.60,863.84,5282.30,130.36,4254.96
8/1/2005,4446.80,389.60,4829.69,10668.94,14903549805.00,4399359863.00,3223979980.00,1220329956.00,12413.60,10008.90,849.51,5296.92,130.89,4263.94
9/1/2005,4641.20,402.99,5044.12,11011.83,15428519531.00,4600020020.00,3328800049.00,1228810059.00,13574.30,10813.90,896.29,5477.71,134.18,4207.96
10/1/2005,4459.70,394.16,4929.07,10383.32,14386370117.00,4436450195.00,3264260010.00,1207010010.00,13606.50,10493.80,882.63,5317.28,132.17,4087.86
11/1/2005,4634.80,418.79,5193.40,10824.14,14937139648.00,4567410156.00,3394139893.00,1249479980.00,14872.15,10557.80,911.16,5423.17,124.51,3985.51
12/1/2005,4763.40,436.78,5408.26,11272.26,14876429688.00,4715229980.00,3549250000.00,1248290039.00,16111.43,10733.90,960.01,5618.76,116.04,3857.93
1/1/2006,4929.60,450.50,5674.15,11945.64,15753139648.00,4947990234.00,3744629883.00,1280079956.00,16649.82,11104.30,961.98,5760.26,115.58,4132.57
2/1/2006,4921.30,458.72,5796.04,11688.34,15918480469.00,5000450195.00,3839250000.00,1280660034.00,16205.43,11740.70,995.01,5791.54,114.70,4200.09
3/1/2006,5129.70,468.69,5970.08,12110.61,15805040039.00,5220850098.00,3912280029.00,1294869995.00,17059.66,11854.30,1059.94,5964.57,116.96,4266.95
4/1/2006,5258.80,469.40,6009.89,12204.17,16661300781.00,5188399902.00,3911060059.00,1310609985.00,16906.23,11892.50,1036.87,6023.14,104.37,4122.33
5/1/2006,5001.70,440.41,5692.86,11744.52,15857889648.00,4930180176.00,3675800049.00,1270089966.00,15467.33,11340.50,948.05,5723.81,97.64,3864.29
6/1/2006,5073.90,440.25,5683.31,11612.87,16267620117.00,4965959961.00,3703320068.00,1270199951.00,15505.18,11548.10,956.49,5833.42,96.84,4132.79
7/1/2006,4986.00,454.06,5681.97,11830.96,16971339844.00,5009419922.00,3795909912.00,1276660034.00,15456.81,11818.00,946.26,5928.33,87.83,3993.89
8/1/2006,5115.40,469.01,5859.57,12073.75,17392269531.00,5165040039.00,3906010010.00,1303819946.00,16140.76,12144.70,994.16,5906.13,98.78,4190.90
9/1/2006,5154.10,483.62,6004.33,11761.27,17543050781.00,5250009766.00,4070780029.00,1335849976.00,16127.58,12934.70,1039.34,5960.81,98.60,4443.26
10/1/2006,5384.40,486.57,6268.92,12344.59,18324349609.00,5348729980.00,4144379883.00,1377939941.00,16399.39,13753.00,1085.56,6129.22,88.25,4324.39
11/1/2006,5482.10,477.67,6309.19,12752.38,18960480469.00,5327640137.00,4140299805.00,1400630005.00,16274.33,13849.30,1068.07,6048.85,92.94,4265.43
12/1/2006,5669.90,495.34,6596.92,12908.39,19964720703.00,5541759766.00,4388529785.00,1418300049.00,17225.83,14146.50,1147.27,6220.81,106.02,4264.91
1/1/2007,5773.40,499.81,6789.11,13034.12,20106419922.00,5608310059.00,4433569824.00,1438239990.00,17383.42,14553.20,1185.98,6203.09,97.51,4207.39
2/1/2007,5832.50,490.21,6715.44,13045.02,19651509766.00,5516319824.00,4305229980.00,1406819946.00,17604.12,14248.40,1157.84,6171.47,94.05,4098.40
3/1/2007,5995.00,510.50,6917.03,13165.50,19800929688.00,5634160156.00,4471649902.00,1420859985.00,17287.65,14641.70,1214.41,6308.03,92.30,4033.11
4/1/2007,6166.00,530.81,7408.87,13416.68,20318980469.00,5960040039.00,4614759766.00,1482369995.00,17400.41,14374.60,1273.82,6449.21,89.34,4097.44
5/1/2007,6313.50,540.39,7883.04,14056.78,20634470703.00,6104000000.00,4697859863.00,1530619995.00,17875.75,15329.40,1276.32,6621.45,87.52,3980.82
6/1/2007,6274.90,548.21,8007.32,13906.57,21772730469.00,6054930176.00,4639399902.00,1503349976.00,18138.36,14892.00,1254.86,6607.90,79.08,4036.71
7/1/2007,6144.20,533.99,7584.14,13868.63,23184939453.00,5751080078.00,4384470215.00,1455270020.00,17248.89,14802.40,1243.87,6360.11,83.55,3750.27
8/1/2007,6247.20,522.73,7638.17,13660.48,23984140625.00,5662700195.00,4350830078.00,1473989990.00,16569.09,14479.80,1213.24,6303.30,73.57,3531.38
9/1/2007,6567.80,540.98,7861.51,14098.89,27142470703.00,5715689941.00,4325290039.00,1526750000.00,16785.69,14576.50,1221.54,6466.79,89.32,3966.35
10/1/2007,6754.10,547.85,8019.22,14625.00,31352580078.00,5847950195.00,4441819824.00,1549380005.00,16737.63,15890.50,1183.20,6721.57,97.49,3963.34
11/1/2007,6533.10,507.58,7870.52,13689.12,28643609375.00,5670569824.00,4162500000.00,1481140015.00,15680.67,15759.90,1106.71,6432.45,99.88,3987.04
12/1/2007,6339.80,515.77,8067.32,13833.06,27812650391.00,5614080078.00,4127470215.00,1468359985.00,15307.78,15182.30,1081.44,6456.91,94.97,3807.65
1/1/2008,5650.30,441.33,6851.75,13155.10,23455740234.00,4869790039.00,3722229980.00,1378550049.00,13592.47,13229.00,949.04,5879.78,89.42,3328.83
2/1/2008,5572.10,446.53,6748.13,13582.69,24331669922.00,4790660156.00,3757120117.00,1330630005.00,13603.02,13170.40,965.29,5884.28,93.66,3431.18
3/1/2008,5355.70,442.43,6534.97,13350.13,22849199219.00,4707069824.00,3719520020.00,1322699951.00,12525.54,13269.00,952.13,5702.11,101.17,3736.92
4/1/2008,5595.40,475.56,6948.82,13937.04,25755349609.00,4996540039.00,3925429932.00,1385589966.00,13849.99,13798.30,986.06,6087.30,89.14,3383.32
5/1/2008,5654.70,485.52,7096.79,14714.73,24533119141.00,5014279785.00,3751409912.00,1400380005.00,14338.54,13600.90,1004.90,6053.50,101.61,3930.20
6/1/2008,5215.30,425.93,6418.32,14467.03,22102009766.00,4434850098.00,3168219971.00,1280000000.00,13481.38,12046.20,857.65,5625.90,118.75,4396.02
7/1/2008,4977.40,399.95,6479.56,13592.91,22731099609.00,4392359863.00,2994379883.00,1267380005.00,13376.81,11881.30,867.44,5411.90,130.89,4201.56
8/1/2008,5135.60,412.84,6422.30,13771.25,21261890625.00,4482600098.00,3136000000.00,1282829956.00,13072.87,11707.30,870.86,5636.61,135.84,4269.12
9/1/2008,4600.50,331.45,5831.02,11752.90,18016210938.00,4032100098.00,2672199951.00,1166359985.00,11259.86,10987.50,768.49,4902.45,148.61,4384.94
10/1/2008,4018.00,267.69,4987.97,9762.76,13968669922.00,3487070068.00,2100179932.00,968750000.00,8576.98,9116.00,638.91,4377.34,137.88,4181.01
11/1/2008,3742.50,252.55,4669.44,9270.62,13888240234.00,3262679932.00,1881459961.00,896239990.00,8512.27,8910.60,641.74,4288.01,138.56,3988.39
12/1/2008,3722.30,245.94,4810.20,8987.70,14387480469.00,3217969971.00,1908640015.00,903250000.00,8859.56,9195.80,662.34,4434.17,134.70,4201.40
1/1/2009,3540.70,248.60,4338.35,8694.90,13278209961.00,2973919922.00,1900089966.00,825880005.00,7994.05,8450.40,617.38,4149.64,121.11,4211.72
2/1/2009,3344.50,219.81,3843.74,8123.02,12811570313.00,2702479980.00,1696579956.00,735090027.00,7568.42,7620.90,640.39,3830.09,111.40,4022.83
3/1/2009,3582.10,216.98,4084.76,8720.39,13576019531.00,2807340088.00,1748739990.00,797869995.00,8109.53,7815.00,653.04,3926.14,133.24,4093.52
4/1/2009,3780.50,240.76,4769.45,9324.83,15520990234.00,3159850098.00,1953349976.00,872809998.00,8828.26,9038.00,763.89,4243.71,125.24,3965.41
5/1/2009,3818.00,259.45,4940.82,10370.07,18171000000.00,3277649902.00,2071370117.00,919140015.00,9522.50,9424.30,776.50,4417.94,112.64,3674.26
6/1/2009,3954.90,254.71,4808.64,10374.91,18378730469.00,3140439941.00,2030979980.00,919320007.00,9958.44,9787.80,795.80,4249.21,121.80,3727.44
7/1/2009,4244.00,283.17,5332.14,10787.15,20573330078.00,3426270020.00,2169139893.00,987479980.00,10356.83,10855.10,882.05,4608.36,105.31,3455.92
8/1/2009,4479.10,296.27,5464.61,10868.21,19724189453.00,3653540039.00,2364949951.00,1020619995.00,10492.53,11365.10,904.84,4908.90,106.79,3335.31
9/1/2009,4743.60,311.35,5675.16,11394.96,20955250000.00,3795409912.00,2485620117.00,1057079956.00,10133.23,11756.10,896.76,5133.90,127.78,3683.64
10/1/2009,4643.20,302.36,5414.96,10910.75,21752869141.00,3607689941.00,2392719971.00,1036189941.00,10034.74,11414.80,944.67,5044.55,137.27,3506.43
11/1/2009,4701.40,305.90,5625.95,11447.20,21821500000.00,3680149902.00,2421290039.00,1095630005.00,9345.55,11644.70,936.19,5190.68,128.03,3364.82
12/1/2009,4870.60,335.33,5957.43,11746.11,21872500000.00,3936330078.00,2511620117.00,1115099976.00,10546.44,11940.00,951.72,5412.88,135.83,3340.84
1/1/2010,4569.60,327.90,5608.79,11094.31,20121990234.00,3739459961.00,2505199951.00,1073869995.00,10198.04,10947.70,953.71,5188.52,148.38,3555.74
2/1/2010,4637.70,317.74,5598.46,11629.63,20608699219.00,3708800049.00,2514870117.00,1104489990.00,10126.03,10333.60,947.39,5354.52,146.83,3384.20
3/1/2010,4875.50,344.22,6153.55,12037.73,21239349609.00,3974010010.00,2648459961.00,1169430054.00,11089.94,10871.30,1021.08,5679.64,145.16,3232.66
4/1/2010,4807.40,345.91,6135.70,12210.70,21108589844.00,3816989990.00,2560989990.00,1186689941.00,11057.40,10492.20,1053.89,5553.29,152.93,3261.34
5/1/2010,4429.70,320.70,5964.33,11762.99,19765189453.00,3507560059.00,2453370117.00,1089410034.00,9768.70,9359.40,980.63,5188.43,143.65,3082.79
6/1/2010,4301.50,316.81,5965.52,11294.42,20128990234.00,3442889893.00,2386530029.00,1030709961.00,9382.64,9263.40,1005.93,4916.87,130.87,3192.06
7/1/2010,4493.50,330.64,6147.97,11713.43,21029810547.00,3643139893.00,2517300049.00,1101599976.00,9537.30,10499.80,1047.26,5258.02,120.69,2763.00
8/1/2010,4404.20,316.47,5925.22,11913.86,20536490234.00,3490790039.00,2457459961.00,1049329956.00,8824.06,10187.00,1011.70,5225.22,126.64,2776.46
9/1/2010,4582.90,334.39,6229.02,12368.65,22358169922.00,3715179932.00,2589729980.00,1141199951.00,9369.35,10514.50,1087.71,5548.62,113.73,2242.07
10/1/2010,4661.60,337.23,6601.37,12676.24,23096320313.00,3833500000.00,2679070068.00,1183260010.00,9202.45,10812.90,1089.32,5675.16,96.05,1930.25
11/1/2010,4584.40,327.41,6688.49,12952.88,23007990234.00,3610439941.00,2506129883.00,1180550049.00,9937.04,9267.20,1107.05,5528.27,89.54,1780.57
12/1/2010,4745.20,354.57,6914.19,13443.22,23035449219.00,3804780029.00,2578600098.00,1257640015.00,10228.92,9859.10,1155.57,5899.94,104.07,2004.10
1/1/2011,4753.90,360.75,7077.48,13551.99,23447339844.00,4005500000.00,2638699951.00,1286119995.00,10237.92,10806.00,1147.21,5862.94,122.63,2125.43
2/1/2011,4831.70,369.13,7272.32,14136.50,23338019531.00,4110350098.00,2707090088.00,1327219971.00,10624.09,10850.80,1128.66,5994.01,114.55,2003.19
3/1/2011,4837.90,365.62,7041.31,14116.10,23527519531.00,3989179932.00,2662169922.00,1325829956.00,9755.10,10576.50,1134.87,5908.76,121.30,2066.44
4/1/2011,4823.20,359.94,7514.46,13944.79,23720810547.00,4106919922.00,2768340088.00,1363609985.00,9849.74,10878.90,1162.84,6069.90,158.30,2918.05
5/1/2011,4708.30,349.44,7293.69,13802.88,23684130859.00,4006939941.00,2687709961.00,1345199951.00,9693.73,10476.00,1151.36,5989.99,185.08,3430.28
6/1/2011,4608.00,339.65,7376.24,13300.87,22398099609.00,3982209961.00,2572580078.00,1320640015.00,9816.09,10359.90,1115.23,5945.71,193.19,3760.88
7/1/2011,4424.60,329.17,7158.77,12945.63,22440250000.00,3672770020.00,2427090088.00,1292280029.00,9833.03,9630.70,1065.97,5815.19,203.05,3795.16
8/1/2011,4296.50,292.93,5784.85,12768.70,20534849609.00,3256760010.00,2267879883.00,1218890015.00,8955.20,8718.60,954.63,5394.53,228.21,4104.48
9/1/2011,4008.60,280.18,5502.02,11623.84,17592410156.00,2981959961.00,2131280029.00,1131420044.00,8700.29,8546.60,910.17,5128.48,233.48,4114.39
10/1/2011,4298.10,307.50,6141.34,12252.06,19864869141.00,3242840088.00,2139179932.00,1253300049.00,8988.39,8954.90,990.44,5544.22,222.05,3895.53
11/1/2011,4119.80,299.68,6088.84,12204.11,17989349609.00,3154620117.00,2073949951.00,1246959961.00,8434.61,8449.50,979.36,5505.42,226.51,3828.01
12/1/2011,4056.60,312.47,5898.35,11955.09,18434390625.00,3159810059.00,2083419922.00,1257599976.00,8455.35,8566.30,987.85,5572.28,226.45,3681.75
1/1/2012,4262.70,318.47,6458.91,12452.15,20390490234.00,3298550049.00,2206800049.00,1312410034.00,8802.51,8509.20,1036.34,5681.61,250.73,4212.70
2/1/2012,4298.50,324.25,6856.08,12644.01,21680080078.00,3452449951.00,2275860107.00,1365680054.00,9723.24,8465.90,1101.76,5871.51,254.38,4222.70
3/1/2012,4335.20,323.51,6946.83,12392.18,20555580078.00,3423810059.00,2324050049.00,1408469971.00,10083.56,8008.00,1074.48,5768.45,259.94,4583.08
4/1/2012,4396.60,308.30,6761.19,12292.69,21094210938.00,3212800049.00,2208439941.00,1397910034.00,9520.89,7011.00,1059.62,5737.78,251.23,4389.89
5/1/2012,4076.30,290.09,6264.38,11513.21,18629519531.00,3017010010.00,2093560059.00,1310329956.00,8542.73,6089.80,975.98,5320.86,241.74,3928.65
6/1/2012,4094.60,307.31,6416.28,11596.56,19441460938.00,3196649902.00,2227629883.00,1362160034.00,9006.78,7102.20,1019.06,5571.15,242.53,4126.81
7/1/2012,4269.20,326.47,6772.26,11664.71,19796810547.00,3291659912.00,2274840088.00,1379319946.00,8695.06,6738.10,1068.16,5635.28,249.06,4088.35
8/1/2012,4316.10,329.28,6970.79,11949.26,19482570313.00,3413070068.00,2345689941.00,1406579956.00,8839.91,7420.50,1043.93,5711.48,254.81,4048.49
9/1/2012,4387.00,323.18,7216.15,12317.46,20840380859.00,3354820068.00,2373330078.00,1440670044.00,8870.16,7708.50,1072.45,5742.07,261.75,3884.67
10/1/2012,4517.00,330.76,7260.63,12422.91,21641820313.00,3429270020.00,2369209961.00,1412160034.00,8928.29,7842.90,1052.11,5782.70,243.78,3747.40
11/1/2012,4506.00,336.55,7405.50,12239.36,22030390625.00,3557280029.00,2436949951.00,1416180054.00,9446.01,7934.60,1085.85,5866.82,238.75,3550.66
12/1/2012,4649.00,342.71,7612.39,12433.53,22656919922.00,3641070068.00,2475810059.00,1426189941.00,10395.18,8167.50,1104.73,5897.81,240.42,3530.79
1/1/2013,4878.80,354.35,7776.05,12685.24,23729529297.00,3732600098.00,2520350098.00,1498109985.00,11138.66,8362.30,1169.18,6276.88,240.12,3399.78
2/1/2013,5104.10,340.53,7741.70,12821.83,23020269531.00,3723000000.00,2569169922.00,1514680054.00,11559.36,8230.30,1199.40,6360.81,235.15,3209.70
3/1/2013,4966.50,348.10,7795.31,12749.90,22299630859.00,3731419922.00,2592189941.00,1569189941.00,12397.91,7920.00,1201.19,6411.74,223.43,3002.48
4/1/2013,5191.20,351.39,7913.71,12456.50,22737009766.00,3856750000.00,2643419922.00,1597569946.00,13860.86,8419.00,1198.99,6430.12,214.92,2774.71
5/1/2013,4926.60,363.38,8348.84,12650.42,22392160156.00,3948590088.00,2649360107.00,1630739990.00,13774.54,8320.60,1214.77,6583.09,215.08,2692.31
6/1/2013,4802.60,344.59,7959.22,12129.11,20803289063.00,3738909912.00,2526110107.00,1606280029.00,13677.32,7762.70,1151.00,6215.47,206.75,2634.14
7/1/2013,5052.00,369.81,8275.97,12486.64,21883660156.00,3992689941.00,2662679932.00,1685729980.00,13668.32,8433.40,1234.07,6621.06,205.04,2630.10
8/1/2013,5135.00,362.93,8103.15,12653.90,21731369141.00,3933780029.00,2673419922.00,1632969971.00,13388.86,8290.50,1214.35,6412.93,206.52,2568.20
9/1/2013,5218.90,374.92,8594.40,12787.19,22859859375.00,4143439941.00,2802270020.00,1681550049.00,14455.80,9186.10,1259.60,6462.22,209.53,2815.83
10/1/2013,5425.50,391.92,9033.92,13361.26,23206369141.00,4299890137.00,2904350098.00,1756540039.00,14327.94,9907.90,1283.52,6731.43,202.58,2658.53
11/1/2013,5320.10,396.55,9405.30,13395.40,23881289063.00,4295209961.00,2870889893.00,1805810059.00,15661.87,9837.60,1307.71,6650.57,197.31,2597.67
12/1/2013,5352.20,401.79,9552.16,13621.55,23306390625.00,4295950195.00,2923820068.00,1848359985.00,16291.31,9916.70,1332.95,6749.09,195.08,2529.94
1/1/2014,5190.00,386.85,9306.48,13694.94,22035419922.00,4165720215.00,2891250000.00,1782589966.00,14914.53,9920.20,1304.45,6510.44,184.68,2395.80
2/1/2014,5404.80,398.54,9692.08,14209.59,22836960938.00,4408080078.00,3096909912.00,1859449951.00,14841.07,10114.20,1369.13,6809.70,176.81,2306.81
3/1/2014,5394.80,403.21,9555.91,14335.31,22151060547.00,4391500000.00,3129939941.00,1872339966.00,14827.83,10340.50,1364.97,6598.37,173.32,2215.93
4/1/2014,5489.10,400.55,9603.23,14651.87,22133970703.00,4487390137.00,3089800049.00,1883949951.00,14304.11,10459.00,1364.39,6780.03,187.00,2307.12
5/1/2014,5492.50,407.21,9943.27,14604.16,23081650391.00,4519569824.00,3159100098.00,1923569946.00,14632.38,10798.70,1402.08,6844.51,184.07,2285.72
6/1/2014,5395.70,413.15,9833.07,15146.01,23190720703.00,4422839844.00,3127209961.00,1960229980.00,15162.10,10923.50,1376.81,6743.94,183.04,2410.62
7/1/2014,5632.90,404.29,9407.48,15330.74,24756849609.00,4246140137.00,3098739990.00,1930670044.00,15620.77,10707.20,1379.87,6730.11,175.47,2239.41
8/1/2014,5625.90,413.13,9470.17,15625.73,24742060547.00,4381040039.00,3192719971.00,2003369995.00,15424.59,10728.80,1388.89,6819.75,175.86,2197.30
9/1/2014,5292.80,421.14,9474.30,14960.51,22932980469.00,4416240234.00,3221399902.00,1972290039.00,16173.52,10825.50,1403.00,6622.72,179.89,2197.68
10/1/2014,5526.60,411.32,9326.87,14613.32,23998060547.00,4233089844.00,3157149902.00,2018050049.00,16413.76,10477.80,1412.84,6546.47,188.64,2202.82
11/1/2014,5313.00,425.86,9980.85,14744.70,23987449219.00,4390180176.00,3287909912.00,2067560059.00,17459.85,10770.70,1461.34,6722.62,189.68,2215.86
12/1/2014,5411.00,424.47,9805.55,14632.44,23605039063.00,4272750000.00,3285260010.00,2058899902.00,17450.77,10279.50,1464.55,6566.09,183.89,2200.45
1/1/2015,5588.30,450.39,10694.32,14673.48,24507050781.00,4604250000.00,3530310059.00,1994989990.00,17674.39,10403.30,1573.62,6749.40,188.22,2163.08
2/1/2015,5928.80,483.93,11401.66,15234.34,24823289063.00,4951479980.00,3714439941.00,2104500000.00,18797.94,11178.30,1691.03,6946.66,174.86,2101.85
3/1/2015,5891.50,489.41,11966.17,14902.44,24900890625.00,5033640137.00,3725820068.00,2067889893.00,19206.99,11521.10,1667.73,6773.04,162.37,2043.15
4/1/2015,5790.00,487.85,11454.38,15224.52,28133000000.00,5046490234.00,3674179932.00,2085510010.00,19520.01,11385.00,1628.04,6960.63,153.86,2028.89
5/1/2015,5777.20,493.56,11413.82,15014.09,27424189453.00,5007890137.00,3708659912.00,2107389893.00,20563.15,11217.60,1644.99,6984.43,145.76,1933.51
6/1/2015,5459.00,472.58,10944.97,14553.33,26250029297.00,4790200195.00,3574699951.00,2063110107.00,20235.73,10769.50,1541.66,6520.98,146.88,1908.94
7/1/2015,5699.20,495.23,11308.99,14468.44,24636279297.00,5082609863.00,3762639893.00,2103840088.00,20585.24,11180.70,1615.64,6696.28,150.36,1859.29
8/1/2015,5207.00,445.03,10259.46,13859.12,21670580078.00,4652950195.00,3463120117.00,1972180054.00,18890.48,10259.00,1501.07,6247.94,146.73,1834.15
9/1/2015,5021.60,421.14,9660.44,13306.96,20846300781.00,4455290039.00,3344500000.00,1920030029.00,17388.15,9559.90,1416.89,6061.61,147.99,1884.11
10/1/2015,5239.40,462.12,10850.14,13529.17,22640039063.00,4897660156.00,3600199951.00,2079360107.00,19083.10,10360.70,1499.23,6361.09,146.43,1923.23
11/1/2015,5166.50,469.52,11382.23,13469.83,21996419922.00,4957600098.00,3760889893.00,2080409912.00,19747.47,10386.90,1536.05,6356.09,151.30,1932.23
12/1/2015,5295.90,441.82,10743.01,13009.95,21914400391.00,4637060059.00,3700300049.00,2043939941.00,19033.71,9544.20,1446.82,6242.32,149.68,1911.06
1/1/2016,5005.50,431.28,9798.11,12822.13,19683109375.00,4417020020.00,3486219971.00,1940239990.00,17518.30,8815.80,1356.32,6083.79,146.72,1820.20
2/1/2016,4880.90,427.27,9495.40,12860.35,19111929688.00,4353549805.00,3371820068.00,1932229980.00,16026.76,8461.40,1372.54,6097.09,140.18,1742.38
3/1/2016,5082.80,440.11,9965.51,13494.36,20776699219.00,4385060059.00,3373040039.00,2059739990.00,16758.67,8723.10,1365.70,6174.90,130.03,1755.97
4/1/2016,5252.20,439.68,10038.97,13951.45,21067050781.00,4428959961.00,3409370117.00,2065300049.00,16666.05,9025.70,1360.71,6241.89,124.40,1658.28
5/1/2016,5378.60,447.87,10262.74,14065.78,20815089844.00,4505620117.00,3514060059.00,2096949951.00,17234.98,9034.00,1369.48,6230.79,119.38,1611.88
6/1/2016,5233.40,435.88,9680.09,14064.54,20794369141.00,4237479980.00,3345629883.00,2098860107.00,15575.92,8163.30,1323.57,6504.33,123.16,1559.13
7/1/2016,5562.40,449.83,10337.50,14582.74,21891369141.00,4439810059.00,3464840088.00,2173600098.00,16569.27,8587.20,1386.66,6724.43,123.86,1452.82
8/1/2016,5433.00,454.38,10592.69,14597.95,22976880859.00,4438220215.00,3553370117.00,2170949951.00,16887.40,8716.80,1418.14,6781.51,127.82,1374.39
9/1/2016,5435.90,452.33,10511.02,14725.86,23297150391.00,4448259766.00,3555919922.00,2168270020.00,16449.84,8779.40,1439.08,6899.33,116.18,1268.79
10/1/2016,5317.70,452.59,10665.01,14787.27,22934539063.00,4509259766.00,3540560059.00,2126149902.00,17425.02,9143.30,1446.35,6954.22,102.46,1264.23
11/1/2016,5440.50,457.21,10640.30,15082.85,22789769531.00,4578339844.00,3478629883.00,2198810059.00,18308.48,8688.20,1481.14,6783.79,110.09,1283.43
12/1/2016,5665.80,483.17,11481.06,15287.59,22000560547.00,4862310059.00,3606360107.00,2238830078.00,19114.37,9352.10,1517.20,7142.83,106.25,1296.85
1/1/2017,5620.90,476.71,11535.31,15385.96,23360779297.00,4748899902.00,3542270020.00,2278870117.00,19041.34,9315.20,1536.75,7099.15,107.78,1356.18
2/1/2017,5712.20,495.35,11834.41,15399.24,23740730469.00,4858580078.00,3584129883.00,2363639893.00,19118.99,9555.50,1570.17,7263.44,110.64,1392.88
3/1/2017,5864.90,516.54,12312.87,15547.75,24111589844.00,5122509766.00,3817020020.00,2362719971.00,18909.26,10462.90,1587.63,7322.92,101.32,1471.27
4/1/2017,5924.10,521.13,12438.01,15586.13,24615130859.00,5267330078.00,3875530029.00,2384199951.00,19196.74,10715.80,1626.99,7203.94,93.59,1342.65
5/1/2017,5724.60,524.07,12615.06,15349.91,25660650391.00,5283629883.00,3888320068.00,2411800049.00,19650.57,10880.00,1639.11,7519.95,109.65,1519.92
6/1/2017,5721.50,507.15,12325.12,15182.19,25764580078.00,5120680176.00,3793620117.00,2423409912.00,20033.43,10444.50,1602.53,7312.72,108.15,1529.27
7/1/2017,5720.60,525.44,12118.25,15143.87,27323990234.00,5093770020.00,3942459961.00,2470300049.00,19925.18,10502.20,1548.19,7372.00,120.62,1562.02
8/1/2017,5714.50,516.04,12055.84,15211.87,27970300781.00,5085589844.00,3887550049.00,2471649902.00,19646.24,10299.50,1546.86,7430.62,121.45,1668.29
9/1/2017,5681.60,537.06,12828.86,15634.94,27554300781.00,5329810059.00,4017750000.00,2519360107.00,20356.28,10381.50,1637.82,7372.76,125.14,1710.62
10/1/2017,5909.00,553.38,13229.57,16025.59,28245539063.00,5503290039.00,4096379883.00,2575260010.00,22011.61,10523.50,1671.63,7493.08,124.78,1765.43
11/1/2017,5969.90,540.11,13023.98,16067.48,29177349609.00,5372790039.00,3984100098.00,2647580078.00,22724.96,10211.00,1610.11,7326.67,117.34,1680.64
12/1/2017,6065.10,544.58,12917.64,16209.13,29919150391.00,5312560059.00,3977879883.00,2673610107.00,22764.94,10043.90,1576.94,7687.77,117.71,1748.58
1/1/2018,6037.70,560.52,13189.48,15951.67,32887269531.00,5481930176.00,4111649902.00,2823810059.00,23098.29,10451.50,1593.15,7533.55,122.27,1560.38
2/1/2018,6016.00,535.58,12435.85,15442.68,30844720703.00,5320490234.00,3994449951.00,2713830078.00,22068.24,9840.30,1583.39,7231.91,120.40,1410.12
3/1/2018,5759.40,529.52,12096.73,15367.29,30093380859.00,5167299805.00,3857100098.00,2640870117.00,21454.30,9600.40,1535.35,7056.61,117.85,1311.32
4/1/2018,5982.70,555.73,12612.11,15607.88,30808449219.00,5520500000.00,3910300049.00,2648050049.00,22467.87,9980.60,1570.71,7509.30,114.17,1299.71
5/1/2018,6011.90,552.85,12604.89,16061.50,30468560547.00,5398399902.00,3764219971.00,2705270020.00,22201.82,9465.50,1549.94,7678.20,134.73,1637.17
6/1/2018,6194.60,551.68,12306.00,16277.73,28955109375.00,5323529785.00,3719860107.00,2718370117.00,22304.51,9622.70,1558.88,7636.93,136.52,1625.41
7/1/2018,6280.20,574.25,12805.50,16434.01,28583009766.00,5511299805.00,3899040039.00,2816290039.00,22553.72,9870.70,1615.60,7748.76,134.25,1648.13
8/1/2018,6319.50,558.42,12364.06,16262.88,27888550781.00,5406850098.00,3740709961.00,2901520020.00,22865.15,9399.10,1658.16,7432.42,141.68,1623.39
9/1/2018,6207.60,549.62,12246.73,16073.14,27788519531.00,5493490234.00,3706739990.00,2913979980.00,24120.04,9389.20,1662.36,7510.20,156.47,1706.56
10/1/2018,5830.30,518.71,11447.51,15027.28,24979689453.00,5093439941.00,3447070068.00,2711739990.00,21920.46,8893.50,1538.22,7128.10,147.76,1690.60
11/1/2018,5667.20,519.37,11257.24,15197.82,26506750000.00,5003919922.00,3487899902.00,2760169922.00,22351.06,9077.20,1514.63,6980.24,158.56,2033.78
12/1/2018,5646.40,487.88,10558.96,14322.86,25845699219.00,4730689941.00,3243629883.00,2506850098.00,20014.77,8539.90,1408.74,6728.13,178.44,2082.42
1/1/2019,5864.70,520.63,11173.10,15540.60,27942470703.00,4992720215.00,3491620117.00,2704100098.00,20773.49,9056.70,1515.42,6968.85,173.84,2081.09
2/1/2019,6169.00,541.05,11515.64,15999.01,28633179688.00,5240529785.00,3604479980.00,2784489990.00,21385.16,9277.70,1572.68,7074.73,170.28,2070.99
3/1/2019,6180.70,548.98,11526.04,16102.09,29051359375.00,5350529785.00,3658719971.00,2834399902.00,21205.81,9240.30,1553.42,7279.19,169.01,2112.40
4/1/2019,6325.50,571.60,12344.08,16580.73,29699109375.00,5586410156.00,3743669922.00,2945830078.00,22258.73,9570.60,1676.14,7418.22,166.79,2116.52
5/1/2019,6396.90,540.49,11726.84,16037.49,26901089844.00,5207629883.00,3427179932.00,2752060059.00,20601.19,9004.20,1510.46,7161.71,177.82,2315.07
6/1/2019,6618.80,561.76,12398.80,16382.20,28542619141.00,5538970215.00,3547459961.00,2941760010.00,21275.92,9198.80,1622.43,7425.63,178.61,2240.66
7/1/2019,6812.60,572.09,12189.04,16406.56,27777750000.00,5518899902.00,3701429932.00,2980379883.00,21521.53,8971.00,1599.78,7586.78,186.04,2241.83
8/1/2019,6604.20,558.35,11939.28,16442.07,25724730469.00,5480479980.00,3570810059.00,2926459961.00,20704.37,8812.90,1576.98,7207.18,175.60,1977.05
9/1/2019,6688.30,580.23,12428.08,16658.63,26092269531.00,5677790039.00,3714419922.00,2976739990.00,21755.84,9244.60,1647.67,7408.21,170.19,2434.13
10/1/2019,6663.40,576.63,12866.79,16483.16,26906720703.00,5729859863.00,3763250000.00,3037560059.00,22927.04,9257.50,1733.68,7248.38,182.72,2298.14
11/1/2019,6846.00,597.29,13236.38,17040.20,26346490234.00,5905169922.00,3906679932.00,3140979980.00,23293.91,9352.00,1730.25,7346.53,197.66,2297.49
12/1/2019,6684.10,604.58,13249.01,17063.43,28189750000.00,5978060059.00,3955830078.00,3230780029.00,23656.62,9549.20,1771.85,7542.44,171.08,2526.64
1/1/2020,7017.20,589.50,12981.97,17318.49,26312630859.00,5806339844.00,3907610107.00,3225520020.00,23205.18,9367.90,1783.26,7286.01,178.95,2916.73
2/1/2020,6441.20,539.38,11890.35,16263.05,26129929688.00,5309899902.00,3488600098.00,2954219971.00,21142.96,8723.20,1668.84,6580.61,154.61,2605.64
3/1/2020,5076.80,483.44,9935.84,13378.75,23603480469.00,4396120117.00,2901580078.00,2584590088.00,18917.01,6785.40,1482.43,5671.96,150.64,2456.88
4/1/2020,5522.40,512.92,10861.64,14780.74,24643589844.00,4572180176.00,3099120117.00,2912429932.00,20193.69,6922.30,1577.92,5901.21,155.47,2337.14
5/1/2020,5755.70,532.57,11586.85,15192.83,22961470703.00,4695439941.00,3202949951.00,3044310059.00,21877.89,7096.50,1629.76,6076.60,153.42,2378.44
6/1/2020,5897.90,559.73,12310.93,15515.22,24427189453.00,4935990234.00,3328010010.00,3100290039.00,22288.14,7231.40,1664.38,6169.74,150.37,2387.96
7/1/2020,5927.80,545.29,12313.36,16169.20,24595349609.00,4783689941.00,3273370117.00,3271120117.00,21710.00,6877.40,1707.35,5897.76,156.44,2357.50
8/1/2020,6060.50,549.20,12945.38,16514.44,25177050781.00,4947220215.00,3332530029.00,3500310059.00,23139.76,6969.50,1766.33,5963.57,159.63,2037.40
9/1/2020,5815.90,547.70,12760.73,16121.38,23459050781.00,4803439941.00,3235439941.00,3363000000.00,23185.12,6716.60,1829.41,5866.10,168.48,2009.14
10/1/2020,5927.60,533.88,11556.48,15580.64,24107419922.00,4594240234.00,3043360107.00,3269959961.00,22977.13,6452.20,1717.62,5577.27,172.88,1624.88
11/1/2020,6517.80,606.02,13291.16,17190.25,26341490234.00,5518549805.00,3667159912.00,3621629883.00,26433.62,8076.90,1917.54,6266.19,166.27,1464.11
12/1/2020,6587.10,624.61,13718.78,17433.36,27231130859.00,5551410156.00,3621280029.00,3756070068.00,27444.17,8073.70,1874.74,6460.52,170.23,1484.28
