Date,Australia,Nethelands,Germany,Canada,Hong_Kong,France ,Belgium,US,Japan ,Spain,Sweden ,UK,Italy,Singapore,Thailand,Chile,Brazil,Argentina,Russia,Turkey,Portugal,Finland,South Africa,Indonesia,Venezuela
1/1/2004,3272.00,353.31,4058.60,8521.39,13289370117.00,3638439941.00,2383760010.00,1131130005.00,10783.61,7929.90,673.91,4390.68,103.48,3253.59,698.90,1408.86,21851.44,1140.81,551.72,172.59,7011.72,1588.13,9953.72,752.93,14588.25
2/1/2004,3360.60,356.59,4018.16,8788.49,13907030273.00,3725439941.00,2483159912.00,1144939941.00,11041.92,8249.40,698.18,4492.21,107.12,3244.15,716.30,1543.08,21755.02,1183.14,591.09,188.89,7630.46,1658.37,10005.41,761.08,12954.31
3/1/2004,3415.30,338.87,3856.70,8585.93,12681669922.00,3625229980.00,2380350098.00,1126209961.00,11715.39,8018.10,690.28,4385.67,110.94,3434.66,647.30,1458.90,22142.26,1201.66,644.64,201.91,7540.45,1617.56,9773.27,735.68,11064.37
4/1/2004,3400.80,341.41,3985.21,8243.97,11942959961.00,3674280029.00,2439610107.00,1107300049.00,11761.79,8109.50,685.59,4489.69,106.04,3141.85,648.15,1430.60,19607.23,1077.93,561.78,180.23,7500.35,1601.09,9455.17,783.41,11872.87
5/1/2004,3460.20,337.19,3921.41,8417.32,12198240234.00,3669629883.00,2415429932.00,1120680054.00,11236.37,7959.30,673.95,4430.69,109.46,3288.77,641.05,1428.80,19544.67,952.62,535.40,170.81,7223.18,1551.55,9525.95,732.52,14819.87
6/1/2004,3532.90,345.13,4052.73,8545.58,12285750000.00,3732989990.00,2470659912.00,1140839966.00,11858.87,8078.30,698.13,4464.07,115.71,3745.32,646.64,1482.98,21148.91,945.45,534.84,179.68,7387.30,1626.09,9200.62,732.40,15471.80
7/1/2004,3536.10,329.91,3895.61,8458.07,12238030273.00,3647100098.00,2465129883.00,1101719971.00,11325.78,7919.30,683.30,4413.08,111.12,3962.26,636.70,1520.85,22336.87,966.10,502.81,193.81,7126.80,1607.08,9405.23,756.98,12857.25
8/1/2004,3552.70,323.12,3785.21,8377.03,12850280273.00,3594280029.00,2558080078.00,1104239990.00,11081.79,7869.50,685.03,4459.32,114.52,4015.63,624.59,1631.41,22803.19,952.14,549.28,202.18,7113.67,1621.38,10242.00,754.70,11091.85
9/1/2004,3665.00,323.94,3892.90,8668.29,13120030273.00,3640610107.00,2693209961.00,1114579956.00,10823.57,8029.20,705.76,4570.77,114.99,4255.22,644.67,1707.02,23245.24,1142.50,611.03,219.54,7359.15,1666.24,10780.46,820.13,5768.13
10/1/2004,3778.60,330.48,3960.25,8870.97,13054660156.00,3706820068.00,2785449951.00,1130199951.00,10771.42,8418.30,702.55,4624.21,110.38,4023.31,628.16,1768.20,23052.18,1287.14,632.97,229.00,7460.94,1736.24,10556.09,860.49,5092.84
11/1/2004,3931.30,337.15,4126.00,9030.05,14060049805.00,3753750000.00,2850949951.00,1173819946.00,10899.25,8693.00,743.34,4703.18,111.88,4015.78,656.73,1790.47,25128.33,1213.09,570.76,224.86,7523.10,1856.15,11283.33,977.77,3652.02
12/1/2004,4050.60,348.08,4256.08,9246.65,14230139648.00,3821159912.00,2932620117.00,1211920044.00,11488.76,9080.80,741.88,4814.30,103.55,4019.56,668.10,1796.48,26196.25,1375.37,552.22,249.72,7600.16,1830.98,11405.72,1000.23,3824.64
1/1/2005,4107.30,360.42,4254.85,9204.05,13721690430.00,3913689941.00,2997600098.00,1181270020.00,11387.59,9223.90,741.50,4852.31,103.39,4109.69,701.91,1809.88,24352.94,1373.79,575.74,273.30,8016.90,1828.62,11530.91,1045.43,3858.74
2/1/2005,4172.80,374.37,4350.49,9668.32,14195349609.00,4027159912.00,3106540039.00,1203599976.00,11740.60,9391.00,769.97,4968.50,112.34,4145.44,741.55,1895.20,28139.13,1558.62,635.38,283.96,7896.74,1962.91,12188.73,1073.83,2991.17
3/1/2005,4109.80,369.56,4348.77,9612.38,13516879883.00,4067780029.00,3125669922.00,1180589966.00,11668.95,9258.80,770.39,4894.37,112.02,4098.14,681.49,1961.69,26610.65,1400.42,598.04,255.58,7786.61,1952.95,12083.30,1080.16,2923.14
4/1/2005,3983.20,348.20,4184.84,9369.30,13908969727.00,3911709961.00,3039709961.00,1156849976.00,11008.90,9001.60,749.54,4801.68,118.95,4151.65,658.88,1956.98,24843.70,1348.35,593.88,235.92,7607.81,1853.00,11324.02,1029.61,2908.99
5/1/2005,4106.40,364.68,4460.63,9607.30,13867070313.00,4120729980.00,3051669922.00,1191500000.00,11276.59,9427.10,792.39,4963.97,120.98,4328.37,667.55,1968.78,25207.07,1485.55,603.89,252.36,7524.04,1988.45,12518.60,1088.17,2622.67
6/1/2005,4277.50,383.83,4586.28,9902.77,14201059570.00,4229350098.00,3112830078.00,1191329956.00,11584.01,9783.20,822.49,5113.16,123.24,4425.44,675.50,2056.84,25051.21,1367.41,639.98,269.57,7510.58,2052.86,12859.20,1122.38,2163.87
7/1/2005,4388.80,395.77,4886.50,10422.93,14880980469.00,4451740234.00,3228010010.00,1234180054.00,11899.60,10115.60,863.84,5282.30,130.36,4254.96,675.67,2175.06,26042.36,1507.59,700.65,296.15,7595.76,2121.45,13725.80,1182.30,2112.87
8/1/2005,4446.80,389.60,4829.69,10668.94,14903549805.00,4399359863.00,3223979980.00,1220329956.00,12413.60,10008.90,849.51,5296.92,130.89,4263.94,697.85,2086.25,28044.83,1581.65,784.28,309.08,7817.99,2147.61,13949.50,1050.09,2156.98
9/1/2005,4641.20,402.99,5044.12,11011.83,15428519531.00,4600020020.00,3328800049.00,1228810059.00,13574.30,10813.90,896.29,5477.71,134.18,4207.96,723.23,2152.82,31583.79,1694.83,892.50,333.33,8088.64,2263.41,15363.60,1079.28,2339.80
10/1/2005,4459.70,394.16,4929.07,10383.32,14386370117.00,4436450195.00,3264260010.00,1207010010.00,13606.50,10493.80,882.63,5317.28,132.17,4087.86,682.62,2072.64,30193.51,1608.86,842.52,319.64,7836.55,2142.77,14946.05,1066.22,2523.11
11/1/2005,4634.80,418.79,5193.40,10824.14,14937139648.00,4567410156.00,3394139893.00,1249479980.00,14872.15,10557.80,911.16,5423.17,124.51,3985.51,667.75,2027.61,31916.76,1554.67,944.55,380.89,8114.57,2179.03,15228.83,1096.64,2768.28
12/1/2005,4763.40,436.78,5408.26,11272.26,14876429688.00,4715229980.00,3549250000.00,1248290039.00,16111.43,10733.90,960.01,5618.76,116.04,3857.93,713.73,1964.47,33455.94,1543.31,1011.00,397.78,8618.67,2301.26,16438.05,1162.63,2827.91
1/1/2006,4929.60,450.50,5674.15,11945.64,15753139648.00,4947990234.00,3744629883.00,1280079956.00,16649.82,11104.30,961.98,5760.26,115.58,4132.57,762.63,2118.46,38382.80,1793.97,1171.44,445.90,8769.79,2430.26,17886.18,1232.32,2736585.00
2/1/2006,4921.30,458.72,5796.04,11688.34,15918480469.00,5000450195.00,3839250000.00,1280660034.00,16205.43,11740.70,995.01,5791.54,114.70,4200.09,744.05,2166.84,38610.39,1714.05,1320.83,470.16,9476.82,2568.09,17125.19,1230.66,2490664.00
3/1/2006,5129.70,468.69,5970.08,12110.61,15805040039.00,5220850098.00,3912280029.00,1294869995.00,17059.66,11854.30,1059.94,5964.57,116.96,4266.95,733.25,2181.95,37951.97,1800.58,1299.19,429.11,10262.56,2711.62,18314.78,1322.97,2609685.00
4/1/2006,5258.80,469.40,6009.89,12204.17,16661300781.00,5188399902.00,3911060059.00,1310609985.00,16906.23,11892.50,1036.87,6023.14,104.37,4122.33,768.29,2201.56,40363.42,1908.61,1486.85,438.80,10052.90,2668.35,19074.99,1464.41,1794644.00
5/1/2006,5001.70,440.41,5692.86,11744.52,15857889648.00,4930180176.00,3675800049.00,1270089966.00,15467.33,11340.50,948.05,5723.81,97.64,3864.29,709.43,2156.53,36530.04,1653.72,1281.50,381.32,9403.80,2460.48,18660.12,1330.00,1356718.00
6/1/2006,5073.90,440.25,5683.31,11612.87,16267620117.00,4965959961.00,3703320068.00,1270199951.00,15505.18,11548.10,956.49,5833.42,96.84,4132.79,678.13,2126.02,36630.66,1711.09,1331.39,354.53,9502.94,2441.08,19538.32,1310.26,1270265.00
7/1/2006,4986.00,454.06,5681.97,11830.96,16971339844.00,5009419922.00,3795909912.00,1276660034.00,15456.81,11818.00,946.26,5928.33,87.83,3993.89,691.49,2131.58,37077.12,1701.58,1380.24,360.68,9665.43,2461.19,19127.38,1351.65,1150135.00
8/1/2006,5115.40,469.01,5859.57,12073.75,17392269531.00,5165040039.00,3906010010.00,1303819946.00,16140.76,12144.70,994.16,5906.13,98.78,4190.90,690.90,2206.37,36232.22,1662.84,1448.72,372.86,9957.57,2564.62,20093.68,1431.26,817419.48
9/1/2006,5154.10,483.62,6004.33,11761.27,17543050781.00,5250009766.00,4070780029.00,1335849976.00,16127.58,12934.70,1039.34,5960.81,98.60,4443.26,686.10,2280.48,36449.40,1637.27,1367.24,369.25,10305.50,2594.49,20495.74,1534.62,668857.01
10/1/2006,5384.40,486.57,6268.92,12344.59,18324349609.00,5348729980.00,4144379883.00,1377939941.00,16399.39,13753.00,1085.56,6129.22,88.25,4324.39,722.46,2380.26,39262.79,1781.68,1426.86,405.82,10515.60,2752.84,21298.54,1582.63,619867.84
11/1/2006,5482.10,477.67,6309.19,12752.38,18960480469.00,5327640137.00,4140299805.00,1400630005.00,16274.33,13849.30,1068.07,6048.85,92.94,4265.43,739.06,2559.67,41931.84,1967.02,1550.58,381.69,10662.60,2772.21,21758.65,1718.96,621336.19
12/1/2006,5669.90,495.34,6596.92,12908.39,19964720703.00,5541759766.00,4388529785.00,1418300049.00,17225.83,14146.50,1147.27,6220.81,106.02,4264.91,679.84,2693.22,44473.71,2090.46,1693.47,391.17,11197.60,2910.49,22607.16,1805.52,494771.49
1/1/2007,5773.40,499.81,6789.11,13034.12,20106419922.00,5608310059.00,4433569824.00,1438239990.00,17383.42,14553.20,1185.98,6203.09,97.51,4207.39,654.04,2895.28,44641.60,2070.64,1656.94,411.83,11565.10,2995.13,22941.71,1757.26,471437.07
2/1/2007,5832.50,490.21,6715.44,13045.02,19651509766.00,5516319824.00,4305229980.00,1406819946.00,17604.12,14248.40,1157.84,6171.47,94.05,4098.40,677.13,2811.62,43892.31,2067.64,1655.25,414.31,11693.00,2987.85,23176.03,1740.97,407593.00
3/1/2007,5995.00,510.50,6917.03,13165.50,19800929688.00,5634160156.00,4471649902.00,1420859985.00,17287.65,14641.70,1214.41,6308.03,92.30,4033.11,673.71,2929.00,45804.66,2102.78,1698.08,436.61,11653.30,3077.70,24590.20,1830.92,360114.13
4/1/2007,6166.00,530.81,7408.87,13416.68,20318980469.00,5960040039.00,4614759766.00,1482369995.00,17400.41,14374.60,1273.82,6449.21,89.34,4097.44,699.16,3161.22,48956.39,2154.55,1697.28,449.84,12244.30,3173.70,25231.65,1999.17,308082.60
5/1/2007,6313.50,540.39,7883.04,14056.78,20634470703.00,6104000000.00,4697859863.00,1530619995.00,17875.75,15329.40,1276.32,6621.45,87.52,3980.82,737.40,3279.53,52268.46,2243.03,1570.34,470.81,13256.60,3315.35,25701.40,2084.32,287999.98
6/1/2007,6274.90,548.21,8007.32,13906.57,21772730469.00,6054930176.00,4639399902.00,1503349976.00,18138.36,14892.00,1254.86,6607.90,79.08,4036.71,776.79,3470.18,54392.06,2190.87,1665.96,470.94,13384.90,3249.31,25564.57,2139.28,247051.21
7/1/2007,6144.20,533.99,7584.14,13868.63,23184939453.00,5751080078.00,4384470215.00,1455270020.00,17248.89,14802.40,1243.87,6360.11,83.55,3750.27,859.76,3340.43,54182.50,2180.25,1734.42,528.25,13434.20,3191.38,25846.41,2348.67,251838.32
8/1/2007,6247.20,522.73,7638.17,13660.48,23984140625.00,5662700195.00,4350830078.00,1473989990.00,16569.09,14479.80,1213.24,6303.30,73.57,3531.38,813.21,3310.14,54637.24,2062.08,1677.02,501.99,12711.40,3174.80,25983.13,2194.34,239401.62
9/1/2007,6567.80,540.98,7861.51,14098.89,27142470703.00,5715689941.00,4325290039.00,1526750000.00,16785.69,14576.50,1221.54,6466.79,89.32,3966.35,845.50,3249.00,60465.06,2187.97,1759.44,540.44,12024.40,3323.68,27267.58,2359.21,272094.21
10/1/2007,6754.10,547.85,8019.22,14625.00,31352580078.00,5847950195.00,4441819824.00,1549380005.00,16737.63,15890.50,1183.20,6721.57,97.49,3963.34,907.28,3451.18,65317.70,2351.44,1874.73,576.16,13005.50,3356.30,28477.05,2643.49,199718.54
11/1/2007,6533.10,507.58,7870.52,13689.12,28643609375.00,5670569824.00,4162500000.00,1481140015.00,15680.67,15759.90,1106.71,6432.45,99.88,3987.04,846.44,3204.47,63006.16,2207.16,1850.64,542.14,13120.70,3121.32,27629.35,2688.33,148869.92
12/1/2007,6339.80,515.77,8067.32,13833.06,27812650391.00,5614080078.00,4127470215.00,1468359985.00,15307.78,15182.30,1081.44,6456.91,94.97,3807.65,858.10,3051.83,63886.10,2151.73,1888.86,555.38,13019.40,3010.11,26250.29,2745.83,123595.16
